iter	RMSE
0	0.3971249546
1	0.3928202416
2	0.3879709801
3	0.3830237926
4	0.3785803266
5	0.3736079975
6	0.368092206
7	0.3640717815
8	0.3609628099
9	0.3553437523
10	0.3522917914
11	0.348750148
12	0.3450784087
13	0.3418805239
14	0.3374159454
15	0.3337246749
16	0.330429101
17	0.3278310355
18	0.3247639431
19	0.3220264445
20	0.3191738747
21	0.3163218284
22	0.3141937891
23	0.3103131021
24	0.3080730077
25	0.3052652549
26	0.3021742897
27	0.2994312568
28	0.2967273284
29	0.2939746223
30	0.2916031832
